id;qtyordered;gst_tax_percentage;price_per_unit;total_price;discount;last_modified;last_modified_by;free_field_1;free_field_2
1;5871;81008;7807;76814;44361;2022-03-07T16:51:04;SMTP Landing Cotton;reciprocal Soft Coordinator;bypassing
2;51247;50288;84331;26999;57711;2022-03-07T11:10:38;Assistant;markets;Incredible Customer
3;98607;77296;864;98793;90308;2022-03-07T10:55:18;extranet Handmade;tertiary Ways synthesizing;Estates up
4;21132;99012;63826;42925;69624;2022-03-08T09:06:25;override;synthesizing;Mandatory
5;93548;99489;3062;49382;97833;2022-03-07T13:43:34;encryption Account mobile;quantifying multi-state Hawaii;Concrete
6;33376;86065;67059;29446;1622;2022-03-08T02:24:52;markets leverage invoice;compressing Plains capability;Shore hardware parsing
7;87591;8631;38359;45365;94876;2022-03-08T02:06:07;invoice system PCI;aggregate Frozen network;Zambian
8;32897;98410;64779;42305;36480;2022-03-07T14:15:01;benchmark generating;payment;global Computers Czech
9;35534;97079;17496;73788;11601;2022-03-08T00:06:40;Rustic;Silver;Crossroad Re-contextualized Lesotho
10;36722;10627;62541;80519;7406;2022-03-07T10:37:04;Riel mission-critical;Cambridgeshire;Savings transform Solutions
